passenger_id,name,age,gender,email,phone,address,concession_category
1,Jiya Vaidya,29,Male,jiya.vaidya@email.com,09845551439,"81/50, Bansal Marg, Siliguri-519961",Senior Citizen
2,Onkar Bhargava,43,Other,onkar.bhargava@email.com,8391454981,"H.No. 040, Sampath, Mysore-103396",Student
3,Tara Kar,25,Female,tara.kar@email.com,+911723216684,"H.No. 13, Bahri Path, Hyderabad 957656",Senior Citizen
4,Nehmat Gupta,30,Female,nehmat.gupta@email.com,+911597143987,"834, Dasgupta Ganj, Jodhpur 171953",General
5,Divit Kohli,75,Female,divit.kohli@email.com,04052594351,"036, Desai Zila, Aurangabad 045772",Student
6,Vidur Kalita,72,Male,vidur.kalita@email.com,+918518222254,"328, Sridhar Nagar, Begusarai 246820",General
7,Rasha Kapoor,46,Female,rasha.kapoor@email.com,3417684878,"52, Kibe Road, Erode-059292",Student
8,Saira Suresh,73,Male,saira.suresh@email.com,+914469629137,"58/73, Dugar Ganj, Nangloi Jat 658943",General
9,Kiara Behl,32,Male,kiara.behl@email.com,+911852834448,"79/119, Mangal Circle, Belgaum 463907",Senior Citizen
10,Aniruddh Apte,85,Female,aniruddh.apte@email.com,6568280814,"12/917, Varghese Ganj, Bhiwani 257297",Student
11,Nehmat Madan,33,Female,nehmat.madan@email.com,+911698614436,"79/00, Dara, Tiruppur 428344",Physically Challenged
12,Vaibhav Sankar,50,Male,vaibhav.sankar@email.com,4728576139,"H.No. 10, Mane Zila, Bongaigaon-218594",Senior Citizen
13,Aarna Seshadri,45,Other,aarna.seshadri@email.com,08585017754,"97/166, Mallick Ganj, Alwar-798642",Student
14,Eva Choudhry,31,Male,eva.choudhry@email.com,09835806966,"34, Jani Nagar, Sikar 219054",Physically Challenged
15,Bhamini Malhotra,66,Female,bhamini.malhotra@email.com,6842747278,"19/61, Bandi Path, Jaipur 821649",Student
16,Shray D’Alia,31,Other,shray.d’alia@email.com,03833541185,"484, Ramaswamy Path, Katni-274953",Physically Challenged
17,Tara Karpe,36,Other,tara.karpe@email.com,09309656343,"79/29, Karpe Road, Durgapur 754631",Physically Challenged
18,Akarsh Joshi,72,Other,akarsh.joshi@email.com,3411365712,"03/07, Tandon Circle, Tiruvottiyur 192136",Physically Challenged
19,Kabir Rau,59,Female,kabir.rau@email.com,+917762334789,"45, Rajagopalan Chowk, Kakinada-000756",Physically Challenged
20,Fateh Sharaf,43,Other,fateh.sharaf@email.com,4362200628,"H.No. 21, Sachdev Chowk, Kanpur 808204",Student
21,Saira Sawhney,19,Female,saira.sawhney@email.com,+916130724376,"H.No. 33, Raja Nagar, Etawah 988058",General
22,Dishani Thakkar,59,Male,dishani.thakkar@email.com,08386149142,"H.No. 360, Ray Nagar, Anand 851502",Student
23,Romil Dhar,50,Other,romil.dhar@email.com,0726708414,"H.No. 06, Sha Nagar, Satara 461416",Student
24,Dishani Hegde,66,Other,dishani.hegde@email.com,+918835586971,"89/88, Yadav Nagar, Sangli-Miraj & Kupwad-568516",General
25,Anvi Dara,78,Male,anvi.dara@email.com,02910485645,"H.No. 88, Lall Nagar, Jalgaon 559174",Senior Citizen
26,Zeeshan Salvi,84,Male,zeeshan.salvi@email.com,07561902087,"95/556, Kata Road, Katihar 024392",Senior Citizen
27,Tejas Mahal,46,Male,tejas.mahal@email.com,+912690184134,"H.No. 328, Apte Marg, Morbi 339736",Senior Citizen
28,Dhruv Kanda,56,Male,dhruv.kanda@email.com,05837146308,"H.No. 698, Master, Thane-703408",Physically Challenged
29,Vanya Bumb,60,Male,vanya.bumb@email.com,+914858984868,"42, Kapadia Circle, Jamalpur-406905",Student
30,Tushar Konda,76,Female,tushar.konda@email.com,06401106474,"H.No. 67, Khurana Zila, Ulhasnagar 202452",Physically Challenged
31,Anaya Bains,85,Other,anaya.bains@email.com,4648464657,"61, Bhattacharyya Zila, Jalgaon-014271",Senior Citizen
32,Renee Vala,29,Other,renee.vala@email.com,02016908386,"18/614, Chakraborty Road, Nashik 161748",Senior Citizen
33,Neelofar Chada,72,Male,neelofar.chada@email.com,06197126932,"84/783, Ganguly, Kota 540874",General
34,Damini Comar,71,Female,damini.comar@email.com,+913844362243,"98/26, Dey Road, Farrukhabad-737597",Physically Challenged
35,Trisha Chaudhry,47,Male,trisha.chaudhry@email.com,+915292978208,"35/977, Bhargava Path, Kolhapur 318092",Senior Citizen
36,Yuvaan Kurian,41,Female,yuvaan.kurian@email.com,1393894650,"31/34, Desai Path, Lucknow 552142",General
37,Kashvi Goda,60,Male,kashvi.goda@email.com,9051114534,"H.No. 126, Sem Path, Bareilly 408515",Physically Challenged
38,Priyansh Sahni,51,Female,priyansh.sahni@email.com,2946199879,"H.No. 34, Bhavsar Circle, Ghaziabad-233648",Physically Challenged
39,Veer Srinivasan,67,Female,veer.srinivasan@email.com,+914848472615,"88/90, Dube, Mira-Bhayandar 192375",Senior Citizen
40,Ela Sood,38,Other,ela.sood@email.com,04226761924,"02/68, Karpe Zila, Bhiwani 456697",Student
41,Aaryahi Bala,48,Female,aaryahi.bala@email.com,+911700019288,"57/39, Bera Ganj, Kozhikode 056540",General
42,Tejas Mane,25,Male,tejas.mane@email.com,6665457398,"H.No. 18, Magar Street, Mau-907362",Physically Challenged
43,Dishani Jhaveri,71,Male,dishani.jhaveri@email.com,03135537757,"68, Mangal Zila, Shimoga-206610",Physically Challenged
44,Taimur Johal,28,Other,taimur.johal@email.com,1276842281,"63, Sarin Circle, Kolkata 622531",Student
45,Aarav Luthra,63,Female,aarav.luthra@email.com,8226908363,"89/813, Sridhar Marg, Kochi 618170",Senior Citizen
46,Amira Rama,77,Female,amira.rama@email.com,3004746292,"68/26, Swamy Marg, Shimla 524942",Physically Challenged
47,Zaina Contractor,24,Male,zaina.contractor@email.com,9155244456,"H.No. 224, Chaudhari Ganj, Adoni 863928",Physically Challenged
48,Ira Master,37,Male,ira.master@email.com,06311200666,"88/136, Dhar Street, Sikar-234257",Senior Citizen
49,Divij Sur,34,Other,divij.sur@email.com,4184370499,"49, Bal Nagar, Kozhikode 116933",General
50,Arhaan Trivedi,31,Other,arhaan.trivedi@email.com,8613682940,"67/89, Desai Ganj, Rourkela 646647",General
51,Dharmajan Vig,42,Female,dharmajan.vig@email.com,+912280707368,"H.No. 106, Chandra Chowk, Hindupur 868533",Physically Challenged
52,Alisha Amble,32,Male,alisha.amble@email.com,09150709224,"81/96, Iyengar Zila, Singrauli-570870",Physically Challenged
53,Nishith Desai,61,Other,nishith.desai@email.com,04952998419,"80, Mannan, Vadodara 155580",Senior Citizen
54,Yasmin Ratta,55,Male,yasmin.ratta@email.com,5917187588,"H.No. 53, Wason Street, Giridih 658655",Physically Challenged
55,Shray Dhillon,55,Other,shray.dhillon@email.com,09501346849,"24/612, Majumdar Road, Noida 147084",Senior Citizen
56,Ivan Buch,84,Male,ivan.buch@email.com,+918185548207,"H.No. 562, Bahri Circle, Udaipur 319298",Senior Citizen
57,Eva Chad,68,Female,eva.chad@email.com,+914730575953,"02, Yogi Road, Bangalore 182083",General
58,Neelofar Sawhney,42,Female,neelofar.sawhney@email.com,+917437855613,"94/969, Gopal Chowk, Morbi-199695",General
59,Amani Sarna,27,Male,amani.sarna@email.com,01638799887,"484, Singhal, Medininagar-440907",Senior Citizen
60,Charvi Khalsa,80,Female,charvi.khalsa@email.com,05387375266,"H.No. 04, Shanker Circle, Farrukhabad 055490",Senior Citizen
61,Anay Dugal,84,Other,anay.dugal@email.com,+911511246953,"95/44, Kade Marg, Srinagar 639093",Student
62,Shlok Kade,47,Male,shlok.kade@email.com,3366392450,"22, Goyal Nagar, Begusarai 875919",Physically Challenged
63,Pranay Bhagat,82,Female,pranay.bhagat@email.com,4846041718,"53, Behl Nagar, Bikaner-013006",Senior Citizen
64,Samiha Kumer,36,Female,samiha.kumer@email.com,0100085509,"34, Mannan Road, Muzaffarpur 360387",Physically Challenged
65,Mahika Kalita,28,Male,mahika.kalita@email.com,+915561092812,"410, Vyas Path, Rajkot-230450",Physically Challenged
66,Mamooty Andra,26,Male,mamooty.andra@email.com,1733210301,"H.No. 48, Viswanathan Marg, Patna 355579",Physically Challenged
67,Hunar Badami,37,Other,hunar.badami@email.com,06163752913,"H.No. 84, Shroff Path, Alappuzha 555678",Senior Citizen
68,Alia Sarraf,75,Female,alia.sarraf@email.com,+915242492822,"219, Dalal Road, Satna-474162",Physically Challenged
69,Inaaya  Thaman,21,Female,inaaya..thaman@email.com,5712512780,"55/858, Garg Path, Udaipur 049303",General
70,Mohanlal Sur,50,Male,mohanlal.sur@email.com,05963503490,"358, Bobal Road, Ambattur-498889",General
71,Mamooty Lala,27,Male,mamooty.lala@email.com,6798728536,"322, Anne Ganj, Shivpuri 205193",General
72,Vivaan Sandal,21,Female,vivaan.sandal@email.com,3173952903,"00/57, Ghosh Circle, Morbi 859495",General
73,Nirvi Raval,40,Male,nirvi.raval@email.com,1756141502,"H.No. 44, Kohli Road, Ahmedabad 240166",Student
74,Biju Shan,64,Male,biju.shan@email.com,3459794942,"H.No. 16, Lal Path, Tenali 273031",Student
75,Gokul Cherian,44,Male,gokul.cherian@email.com,1088797582,"H.No. 688, Butala Chowk, Faridabad-573841",Student
76,Ryan Banik,33,Other,ryan.banik@email.com,05322705952,"H.No. 939, Kapadia Nagar, Danapur-671542",Senior Citizen
77,Sahil Dixit,55,Female,sahil.dixit@email.com,+915229843867,"898, Rajagopalan Road, Ichalkaranji-051668",Senior Citizen
78,Zeeshan Mandal,47,Male,zeeshan.mandal@email.com,2977875301,"62/76, Khanna Street, Nagaon 939776",Student
79,Hansh Agrawal,76,Male,hansh.agrawal@email.com,05294208018,"H.No. 75, Hari Zila, Bhind-675812",Physically Challenged
80,Kiara Tank,62,Other,kiara.tank@email.com,08697825252,"721, Kala Zila, Malda-585460",General
81,Jiya Karpe,34,Male,jiya.karpe@email.com,07744965421,"27, Luthra Zila, Jorhat-578595",Student
82,Vanya Sarraf,64,Female,vanya.sarraf@email.com,9757683238,"H.No. 590, Kadakia Path, Hapur-599634",Physically Challenged
83,Uthkarsh Chaudhry,55,Female,uthkarsh.chaudhry@email.com,+915662065993,"56/34, Kalla Zila, Etawah-621825",General
84,Divyansh Chauhan,41,Other,divyansh.chauhan@email.com,+916658843322,"H.No. 798, Kale Street, Thoothukudi-920523",Senior Citizen
85,Kiara Chatterjee,31,Other,kiara.chatterjee@email.com,+917970128792,"24/516, Aurora Chowk, Thiruvananthapuram-304048",General
86,Ehsaan Salvi,38,Female,ehsaan.salvi@email.com,+911116517987,"55, Jha Marg, Arrah 312330",Student
87,Ritvik Krishnan,34,Male,ritvik.krishnan@email.com,+916797910280,"H.No. 62, Saran Ganj, Vijayanagaram 908728",General
88,Advik Gaba,83,Male,advik.gaba@email.com,09051316205,"H.No. 07, Khurana Nagar, Giridih-178981",Student
89,Raunak Andra,41,Female,raunak.andra@email.com,+918698638675,"H.No. 399, Ben Path, Raichur-319108",General
90,Krish Varughese,71,Other,krish.varughese@email.com,03147909684,"90/497, Choudhary Chowk, Pondicherry-780482",Senior Citizen
91,Zoya Manda,34,Other,zoya.manda@email.com,7749925866,"34/012, Tara Chowk, Karimnagar-484218",Senior Citizen
92,Shayak Kala,68,Male,shayak.kala@email.com,+917077958520,"17/40, Seshadri Road, Buxar-115999",Senior Citizen
93,Priyansh Sandal,34,Female,priyansh.sandal@email.com,01978590320,"H.No. 884, Buch Ganj, Ambattur 185964",General
94,Vaibhav Mahal,71,Other,vaibhav.mahal@email.com,2493194006,"61, Chhabra Street, Haldia 558223",Student
95,Piya Loke,72,Female,piya.loke@email.com,+910517533428,"90, Dugal Chowk, Jalna-260678",General
96,Tiya Lata,28,Male,tiya.lata@email.com,+912371496385,"791, Kothari Street, Hindupur 686062",Physically Challenged
97,Chirag Seshadri,65,Other,chirag.seshadri@email.com,02046961394,"H.No. 81, Srinivas Path, Kishanganj-081574",Senior Citizen
98,Dharmajan Bhavsar,66,Female,dharmajan.bhavsar@email.com,+914216607928,"806, Jha Nagar, Kulti-714905",Senior Citizen
99,Ivan Luthra,71,Other,ivan.luthra@email.com,+911109454187,"583, Ramachandran Path, Kulti 448549",General
100,Priyansh Sibal,74,Male,priyansh.sibal@email.com,+917432321463,"91/56, Buch Ganj, Amroha-614348",General
